id,title,details,year,image,source
1,Homo sapiens appear,,-200000,,https://humanhistorytimeline.com/
2,Bow and arrows,,-62000,,https://humanhistorytimeline.com/
3,Humans walk to America (Bering Strait crossing),,-25000,,https://humanhistorytimeline.com/
4,Earliest evidence of humans farming ,,-20000,,https://beckchris.com/history/the-55-most-important-events-in-human-history/
5,Clay pots,,-18000,,https://humanhistorytimeline.com/
6,Humans reach Southern tip of South America,,-10000,,https://humanhistorytimeline.com/
7,Domestication of sheep ,,-9000,,https://beckchris.com/history/the-55-most-important-events-in-human-history/
8,Englad cut off from Europe (Ocean sea rises),,-6500,,https://humanhistorytimeline.com/
9,Irrigation,,-6000,,https://beckchris.com/history/the-55-most-important-events-in-human-history/
10,First beer brewed,,-6000,,https://humanhistorytimeline.com/
11,Mesopotamia forms,,-5500,,https://humanhistorytimeline.com/
12,Loom,"horizontal, two-beamed",-4400,,https://www.factmonster.com/math-science/inventions-discoveries/inventions-and-discoveries
13,1st year in Egyptian calendar,,-4242,,https://humanhistorytimeline.com/
14,Cosmetics,,-4000,,https://www.factmonster.com/math-science/inventions-discoveries/inventions-and-discoveries
15,Wheel,"cart, solid wood",-3600,,https://www.factmonster.com/math-science/inventions-discoveries/inventions-and-discoveries
16,Indus Valley Civilization forms,,-3300,,https://humanhistorytimeline.com/
17,First writing systems,,-3200,,https://beckchris.com/history/the-55-most-important-events-in-human-history/
18,ox-drawn plow,,-3000,,https://beckchris.com/history/the-55-most-important-events-in-human-history/
19,Iron (from ore),,-3000,,https://beckchris.com/history/the-55-most-important-events-in-human-history/
20,Rule of Gilgamesh,,-2750,,https://humanhistorytimeline.com/
21,Great Pyramid of Giza,,-2560,,https://beckchris.com/history/the-55-most-important-events-in-human-history/
22,Construction of Stonehenge,,-2400,,https://humanhistorytimeline.com/
23,Beginning of the Shang dynasty ,,-1766,,https://humanhistorytimeline.com/
24,"Iron age begins (Egypt, India, Palestine)",,-1200,,https://beckchris.com/history/the-55-most-important-events-in-human-history/
25,Moses leads his people out of Egypt,,-1200,,https://humanhistorytimeline.com/
26,Iron age beins (Europe),,-800,,https://beckchris.com/history/the-55-most-important-events-in-human-history/
27,The Odyssey published,,-800,,https://humanhistorytimeline.com/
28,First Olympic Games,,-776,,https://beckchris.com/history/the-55-most-important-events-in-human-history/
29,Founding date of Rome,,-753,,https://beckchris.com/history/the-55-most-important-events-in-human-history/
30,Windmill,,-600,,https://www.factmonster.com/math-science/inventions-discoveries/inventions-and-discoveries
31,Zero number created,,-600,,https://www.factmonster.com/math-science/inventions-discoveries/inventions-and-discoveries
32,Birth of Buddha,,-563,,https://beckchris.com/history/the-55-most-important-events-in-human-history/
33,Atomic theory (Ancient Greece),ancient,-500,,https://www.factmonster.com/math-science/inventions-discoveries/inventions-and-discoveries
34,Classical period begins,,-480,,https://beckchris.com/history/the-55-most-important-events-in-human-history/
35,Sparta defeats Athens,,-404,,https://beckchris.com/history/the-55-most-important-events-in-human-history/
36,Hippocratic oath made,,-400,,https://beckchris.com/history/the-55-most-important-events-in-human-history/
37,Aristotle opens the Lyceum in Athens,,-336,,https://beckchris.com/history/the-55-most-important-events-in-human-history/
38,Alexander the great made king,,-336,,https://beckchris.com/history/the-55-most-important-events-in-human-history/
39,Alexander the great dies,,-323,,https://beckchris.com/history/the-55-most-important-events-in-human-history/
40,Crossbow,,-300,,https://www.factmonster.com/math-science/inventions-discoveries/inventions-and-discoveries
41,Geometry,,-300,,https://www.factmonster.com/math-science/inventions-discoveries/inventions-and-discoveries
42,Building of the Great wall commences,,-221,,https://beckchris.com/history/the-55-most-important-events-in-human-history/
43,Atomic theory (Ancient Rome),,-100,,https://www.factmonster.com/math-science/inventions-discoveries/inventions-and-discoveries
44,Roller bearing,wooden for cartwheel,-100,,https://www.factmonster.com/math-science/inventions-discoveries/inventions-and-discoveries
45,Julius Caesar assasinated ,,-44,,https://beckchris.com/history/the-55-most-important-events-in-human-history/
46,Birth of Christ,,4,,https://beckchris.com/history/the-55-most-important-events-in-human-history/
47,Crucifixion of Christ,,29,,https://beckchris.com/history/the-55-most-important-events-in-human-history/
48,London established,,43,,https://humanhistorytimeline.com/
49,Vesuvius erupts,,79,,https://humanhistorytimeline.com/
50,Paper,,100,,https://www.factmonster.com/math-science/inventions-discoveries/inventions-and-discoveries
51,Roman Pantheon built,,126,,https://humanhistorytimeline.com/
52,Constantinople forms,,330,,https://humanhistorytimeline.com/
53,Chirstianity becomes official religion of Roman Empire,,390,,https://beckchris.com/history/the-55-most-important-events-in-human-history/
54,End of Roman Empire,,476,,https://beckchris.com/history/the-55-most-important-events-in-human-history/
55,Vision of Muhammad,,610,,https://humanhistorytimeline.com/
56,Gunpowder,,700,,https://www.factmonster.com/math-science/inventions-discoveries/inventions-and-discoveries
57,Printing,block,700,,https://www.factmonster.com/math-science/inventions-discoveries/inventions-and-discoveries
58,Norse settle in Canada,,1000,,https://beckchris.com/history/the-55-most-important-events-in-human-history/
59,First university established ,,1088,,https://beckchris.com/history/the-55-most-important-events-in-human-history/
60,First holy crusade begins,,1095,,https://beckchris.com/history/the-55-most-important-events-in-human-history/
61,Jews are banished from France,,1182,,https://humanhistorytimeline.com/
62,Mongols invade China,,1211,,https://humanhistorytimeline.com/
63,Marco Polo's stories published,,1300,,https://beckchris.com/history/the-55-most-important-events-in-human-history/
64,Peak of Black death,,1347,,https://beckchris.com/history/the-55-most-important-events-in-human-history/
65,The Renaissance begins,,1350,,https://beckchris.com/history/the-55-most-important-events-in-human-history/
66,Joan of Arc born,,1412,,https://humanhistorytimeline.com/
67,China names Beijing as it’s capital city,,1421,,https://humanhistorytimeline.com/
68,Formation of the Incan Empire,,1438,,https://beckchris.com/history/the-55-most-important-events-in-human-history/
69,Gutenberg Bible starts being printed,,1455,,https://beckchris.com/history/the-55-most-important-events-in-human-history/
70,Rifle,muzzle-loaded,1475,,https://www.factmonster.com/math-science/inventions-discoveries/inventions-and-discoveries
71,Colombus arrives to Bahamas,,1492,,https://beckchris.com/history/the-55-most-important-events-in-human-history/
72,Vasco da Gama Finds a Sea Route from Europe to India,,1498,,https://beckchris.com/history/the-55-most-important-events-in-human-history/
73,The slave trade (Africa-US) begins,,1502,,https://beckchris.com/history/the-55-most-important-events-in-human-history/
74,Mona Lisa completed,,1504,,https://beckchris.com/history/the-55-most-important-events-in-human-history/
75,Sistine Chapel completed,,1512,,https://beckchris.com/history/the-55-most-important-events-in-human-history/
76,Protestant Reformation begins,,1517,,https://beckchris.com/history/the-55-most-important-events-in-human-history/
77,Magellan Is Killed in the Philippines,,1522,,https://beckchris.com/history/the-55-most-important-events-in-human-history/
78,Disease,chemicals in treatment of,1541,,https://www.factmonster.com/math-science/inventions-discoveries/inventions-and-discoveries
79,"Anatomy, human","<i>De fabrica corporis humani,</i> an illustrated systematic study of the human body",1543,,https://www.factmonster.com/math-science/inventions-discoveries/inventions-and-discoveries
80,Sun-centered universe model,Sun-centered universe,1543,,https://www.factmonster.com/math-science/inventions-discoveries/inventions-and-discoveries
81,Contagion theory,infectious diseases caused by living agent transmitted from person to person,1546,,https://www.factmonster.com/math-science/inventions-discoveries/inventions-and-discoveries
82,Wallpaper,,1551,,https://www.factmonster.com/math-science/inventions-discoveries/inventions-and-discoveries
83,Star catalog,first modern,1572,,https://www.factmonster.com/math-science/inventions-discoveries/inventions-and-discoveries
84,Classification of plants,"first modern, based on comparative study of forms",1583,,https://www.factmonster.com/math-science/inventions-discoveries/inventions-and-discoveries
85,Universe is infinite,infinity of universe,1584,,https://www.factmonster.com/math-science/inventions-discoveries/inventions-and-discoveries
86,law of falling bodies,,1590,,https://www.factmonster.com/math-science/inventions-discoveries/inventions-and-discoveries
87,Thermometer,open-column,1593,,https://www.factmonster.com/math-science/inventions-discoveries/inventions-and-discoveries
88,Earth is Magnetic,,1600,,https://www.factmonster.com/math-science/inventions-discoveries/inventions-and-discoveries
89,Hamlet completed,,1601,,https://beckchris.com/history/the-55-most-important-events-in-human-history/
90,Japan outlaws Christianity,,1606,,https://humanhistorytimeline.com/
91,English colonists establish first american colony ,,1607,,https://beckchris.com/history/the-55-most-important-events-in-human-history/
92,Telescope,,1608,,https://www.factmonster.com/math-science/inventions-discoveries/inventions-and-discoveries
93,Elliptical planetary orbits,establishment of planetary orbits as elliptical,1609,,https://www.factmonster.com/math-science/inventions-discoveries/inventions-and-discoveries
94,Logarithm Tables (Napier),logarithms: made multiplying easier and thus calculators practical,1614,,https://www.factmonster.com/math-science/inventions-discoveries/inventions-and-discoveries
95,laws of Planetary motion,,1619,,https://www.factmonster.com/math-science/inventions-discoveries/inventions-and-discoveries
96,New York founded,,1624,,https://humanhistorytimeline.com/
97,Circulation of blood model,,1628,,https://www.factmonster.com/math-science/inventions-discoveries/inventions-and-discoveries
98,Slide-rule (a calculating tool),slide rule,1632,,https://www.factmonster.com/math-science/inventions-discoveries/inventions-and-discoveries
99,Steam engine,"first commercial version based on principles of French physicist <a href=""/search/encyclopedia/Denis+Papin"">Denis Papin</a>",1639,,https://www.factmonster.com/math-science/inventions-discoveries/inventions-and-discoveries
100,Mechanical Calculator (Pascaline),digital calculator,1642,,https://www.factmonster.com/math-science/inventions-discoveries/inventions-and-discoveries
101,Barometer,,1643,,https://www.factmonster.com/math-science/inventions-discoveries/inventions-and-discoveries
102,Taj Mahal completed,,1653,,https://beckchris.com/history/the-55-most-important-events-in-human-history/
103,Probability theory,,1654,,https://www.factmonster.com/math-science/inventions-discoveries/inventions-and-discoveries
104,Pendulum clock,,1656,,https://www.factmonster.com/math-science/inventions-discoveries/inventions-and-discoveries
105,"Saturn, ring around",,1659,,https://www.factmonster.com/math-science/inventions-discoveries/inventions-and-discoveries
106,Boyle's law (PV=k),relation between pressure and volume in gases,1662,,https://www.factmonster.com/math-science/inventions-discoveries/inventions-and-discoveries
107,Spectrum,heterogeneity of light,1666,,https://www.factmonster.com/math-science/inventions-discoveries/inventions-and-discoveries
108,Calculus,,1669,,https://www.factmonster.com/math-science/inventions-discoveries/inventions-and-discoveries
109,"Royal Observatory, Greenwich",,1675,,https://www.factmonster.com/math-science/inventions-discoveries/inventions-and-discoveries
110,Wave nature of Light,wave theory,1678,,https://www.factmonster.com/math-science/inventions-discoveries/inventions-and-discoveries
111,Pressure cooker,early version,1679,,https://www.factmonster.com/math-science/inventions-discoveries/inventions-and-discoveries
112,Bacteri,,1683,,https://www.factmonster.com/math-science/inventions-discoveries/inventions-and-discoveries
113,Spermatozoa,,1683,,https://www.factmonster.com/math-science/inventions-discoveries/inventions-and-discoveries
114,Principia Mathematica published (explains Laws of Motion and Gravitation),published 1687,1687,,https://www.factmonster.com/math-science/inventions-discoveries/inventions-and-discoveries
115,laws of Motion,,1687,,https://www.factmonster.com/math-science/inventions-discoveries/inventions-and-discoveries
116,Halley's Comet,,1705,,https://www.factmonster.com/math-science/inventions-discoveries/inventions-and-discoveries
117,Piano,Hammerklavier,1709,,https://www.factmonster.com/math-science/inventions-discoveries/inventions-and-discoveries
118,Kinetic theory of gases,molecules of a gas are in a state of rapid motion,1738,,https://www.factmonster.com/math-science/inventions-discoveries/inventions-and-discoveries
119,Lightning rod,,1752,,https://www.factmonster.com/math-science/inventions-discoveries/inventions-and-discoveries
120,Conservation of electric charge,the total electric charge of the universe or any closed system is constant,1754,,https://www.factmonster.com/math-science/inventions-discoveries/inventions-and-discoveries
121,British rule established in India,,1757,,https://beckchris.com/history/the-55-most-important-events-in-human-history/
122,"Lens, bifocal",,1760,,https://www.factmonster.com/math-science/inventions-discoveries/inventions-and-discoveries
123,Boston tea party,,1773,,https://beckchris.com/history/the-55-most-important-events-in-human-history/
124,Oxygen,isolation of,1774,,https://www.factmonster.com/math-science/inventions-discoveries/inventions-and-discoveries
125,How combustion works,nature of,1777,,https://www.factmonster.com/math-science/inventions-discoveries/inventions-and-discoveries
126,Plant respiration and photosynthesis,,1779,,https://www.factmonster.com/math-science/inventions-discoveries/inventions-and-discoveries
127,Uranus,first planet discovered in recorded history,1781,,https://www.factmonster.com/math-science/inventions-discoveries/inventions-and-discoveries
128,hot-air balloon,,1783,,https://www.factmonster.com/math-science/inventions-discoveries/inventions-and-discoveries
129,Parachute,,1783,,https://www.factmonster.com/math-science/inventions-discoveries/inventions-and-discoveries
130,Steamship,,1783,,https://www.factmonster.com/math-science/inventions-discoveries/inventions-and-discoveries
131,America gains independance from England,,1783,,https://beckchris.com/history/the-55-most-important-events-in-human-history/
132,Light has a finite velocity,"theory that light has finite velocity) <a href=""/search/encyclopedia/Olaus+R%26%23xF8%3Bmer"">Olaus Roemer</a>, Denmark, 1675.<table border=""0"" class=""graphseg"" width=""180""><tbody><tr><td id=""A0905109""><img alt=""Benjamin Franklin"" class=""b-lazy lazy_load_image"" data-src=""/images/franklin.gif"" height=""212"" id=""A0905110"" src="""" width=""180""/><div class=""caption"">Benjamin Franklin (1706–1790",1790,,https://www.factmonster.com/math-science/inventions-discoveries/inventions-and-discoveries
133,Cotton gin,,1793,,https://www.factmonster.com/math-science/inventions-discoveries/inventions-and-discoveries
134,Vaccination,,1796,,https://www.factmonster.com/math-science/inventions-discoveries/inventions-and-discoveries
135,Paarachute invented,,1797,,https://humanhistorytimeline.com/
136,Chain suspension bridges,"suspension, iron chains",1800,,https://www.factmonster.com/math-science/inventions-discoveries/inventions-and-discoveries
137,Battery (Voltaic pile),"forerunner of modern battery, first source of continuous electric current",1800,,https://www.factmonster.com/math-science/inventions-discoveries/inventions-and-discoveries
138,Electric lamp,arc lamp,1801,,https://www.factmonster.com/math-science/inventions-discoveries/inventions-and-discoveries
139,Metric system,,1801,,https://www.factmonster.com/math-science/inventions-discoveries/inventions-and-discoveries
140,Steam Locomotive,steam powered,1804,,https://www.factmonster.com/math-science/inventions-discoveries/inventions-and-discoveries
141,Napoleon becomes Emperor ,,1804,,https://beckchris.com/history/the-55-most-important-events-in-human-history/
142,World population reaches 1 billion,,1804,,https://humanhistorytimeline.com/
143,UK abolishes slavery,,1807,,https://beckchris.com/history/the-55-most-important-events-in-human-history/
144,Atomic theory (modern),modern,1808,,https://www.factmonster.com/math-science/inventions-discoveries/inventions-and-discoveries
145,Evolution (initial ideas),organic,1809,,https://www.factmonster.com/math-science/inventions-discoveries/inventions-and-discoveries
146,Avogadro's law,equal volumes of all gases at the same temperature and pressure contain equal number of molecules,1811,,https://www.factmonster.com/math-science/inventions-discoveries/inventions-and-discoveries
147,Napoleon is exiled,,1814,,https://beckchris.com/history/the-55-most-important-events-in-human-history/
148,Bicycle,,1816,,https://www.factmonster.com/math-science/inventions-discoveries/inventions-and-discoveries
149,Match,phosphorus,1816,,https://www.factmonster.com/math-science/inventions-discoveries/inventions-and-discoveries
150,Stethoscope,,1819,,https://www.factmonster.com/math-science/inventions-discoveries/inventions-and-discoveries
151,Truss Bridges,truss,1820,,https://www.factmonster.com/math-science/inventions-discoveries/inventions-and-discoveries
152,Motor (electric),,1822,,https://www.factmonster.com/math-science/inventions-discoveries/inventions-and-discoveries
153,Electromagnet,,1823,,https://www.factmonster.com/math-science/inventions-discoveries/inventions-and-discoveries
154,Cement,,1824,,https://www.factmonster.com/math-science/inventions-discoveries/inventions-and-discoveries
155,internal combustion engine,,1824,,https://www.factmonster.com/math-science/inventions-discoveries/inventions-and-discoveries
156,Microphone,,1827,,https://www.factmonster.com/math-science/inventions-discoveries/inventions-and-discoveries
157,Ohm's law,"relationship between strength of electric current, electromotive force, and circuit resistance",1827,,https://www.factmonster.com/math-science/inventions-discoveries/inventions-and-discoveries
158,"Induction, electric",,1828,,https://www.factmonster.com/math-science/inventions-discoveries/inventions-and-discoveries
159,Braille,,1829,,https://www.factmonster.com/math-science/inventions-discoveries/inventions-and-discoveries
160,Computers (first design),first design of analytical engine,1830,,https://www.factmonster.com/math-science/inventions-discoveries/inventions-and-discoveries
161,France colonizes Algeria,,1830,,https://beckchris.com/history/the-55-most-important-events-in-human-history/
162,Lawn mower,,1831,,https://www.factmonster.com/math-science/inventions-discoveries/inventions-and-discoveries
163,Electric generator (dynamo),laboratory model,1832,,https://www.factmonster.com/math-science/inventions-discoveries/inventions-and-discoveries
164,Reaper,,1834,,https://www.factmonster.com/math-science/inventions-discoveries/inventions-and-discoveries
165,"""analytical engine' (Babbage)","“analytical engine” design, included concepts of programming, taping",1835,,https://www.factmonster.com/math-science/inventions-discoveries/inventions-and-discoveries
166,Revolver,,1835,,https://www.factmonster.com/math-science/inventions-discoveries/inventions-and-discoveries
167,Screw propeller,,1836,,https://www.factmonster.com/math-science/inventions-discoveries/inventions-and-discoveries
168,Cells,theory: cells are common structural and functional unit of all living organisms,1839,,https://www.factmonster.com/math-science/inventions-discoveries/inventions-and-discoveries
169,Ozone,,1839,,https://www.factmonster.com/math-science/inventions-discoveries/inventions-and-discoveries
170,Photovoltaic effect,light falling on certain materials can produce electricity,1839,,https://www.factmonster.com/math-science/inventions-discoveries/inventions-and-discoveries
171,Rubber,vulcanization process,1839,,https://www.factmonster.com/math-science/inventions-discoveries/inventions-and-discoveries
172,Ice age theory,,1840,,https://www.factmonster.com/math-science/inventions-discoveries/inventions-and-discoveries
173,Anesthetic (use on humans),first use of anesthetic—ether—on humans,1842,,https://www.factmonster.com/math-science/inventions-discoveries/inventions-and-discoveries
174,Thermodynamics,"first law: energy cannot be created or destroyed, only converted from one form to another",1842,,https://www.factmonster.com/math-science/inventions-discoveries/inventions-and-discoveries
175,Tire,,1845,,https://www.factmonster.com/math-science/inventions-discoveries/inventions-and-discoveries
176,Neptune,discovery of,1846,,https://www.factmonster.com/math-science/inventions-discoveries/inventions-and-discoveries
177,Nitroglycerin,,1846,,https://www.factmonster.com/math-science/inventions-discoveries/inventions-and-discoveries
178,Sewing machine,,1846,,https://www.factmonster.com/math-science/inventions-discoveries/inventions-and-discoveries
179,Chewing gum (spruce-based),spruce-based,1848,,https://www.factmonster.com/math-science/inventions-discoveries/inventions-and-discoveries
180,Absolute zero temperature,"absolute zero temperature, cessation of all molecular energy",1848,,https://www.factmonster.com/math-science/inventions-discoveries/inventions-and-discoveries
181,The Communist Manifesto published,,1848,,https://beckchris.com/history/the-55-most-important-events-in-human-history/
182,Bullet,conical,1849,,https://www.factmonster.com/math-science/inventions-discoveries/inventions-and-discoveries
183,Safety pin,,1849,,https://www.factmonster.com/math-science/inventions-discoveries/inventions-and-discoveries
184,Refrigerator,,1850,,https://www.factmonster.com/math-science/inventions-discoveries/inventions-and-discoveries
185,Rotation of Earth,,1851,,https://www.factmonster.com/math-science/inventions-discoveries/inventions-and-discoveries
186,Airship (non rigid),non-rigid,1852,,https://www.factmonster.com/math-science/inventions-discoveries/inventions-and-discoveries
187,Elevator,safety device permitting use by passengers,1852,,https://www.factmonster.com/math-science/inventions-discoveries/inventions-and-discoveries
188,Gyroscope,,1852,,https://www.factmonster.com/math-science/inventions-discoveries/inventions-and-discoveries
189,Condensed milk,,1853,,https://www.factmonster.com/math-science/inventions-discoveries/inventions-and-discoveries
190,Symbolic logic,,1854,,https://www.factmonster.com/math-science/inventions-discoveries/inventions-and-discoveries
191,Plastics,"first material, nitrocellulose softened by vegetable oil, camphor, precursor to Celluloid",1855,,https://www.factmonster.com/math-science/inventions-discoveries/inventions-and-discoveries
192,Dye,"aniline, start of synthetic dye industry",1856,,https://www.factmonster.com/math-science/inventions-discoveries/inventions-and-discoveries
193,Continental drift theory,geographer who pieced together continents into a single landmass on maps,1858,,https://www.factmonster.com/math-science/inventions-discoveries/inventions-and-discoveries
194,On the Origin of Species published (evolution by natural selection),by natural selection,1859,,https://www.factmonster.com/math-science/inventions-discoveries/inventions-and-discoveries
195,Oil well,,1859,,https://www.factmonster.com/math-science/inventions-discoveries/inventions-and-discoveries
196,Spectrum analysis,,1859,,https://www.factmonster.com/math-science/inventions-discoveries/inventions-and-discoveries
197,Fermentation,microorganisms as cause of,1860,,https://www.factmonster.com/math-science/inventions-discoveries/inventions-and-discoveries
198,Solar energy,,1860,,https://www.factmonster.com/math-science/inventions-discoveries/inventions-and-discoveries
199,Machine gun,hand-cranked multibarrel,1862,,https://www.factmonster.com/math-science/inventions-discoveries/inventions-and-discoveries
200,laws of Heredity,,1865,,https://www.factmonster.com/math-science/inventions-discoveries/inventions-and-discoveries
201,Assassination of Lincoln,,1865,,https://beckchris.com/history/the-55-most-important-events-in-human-history/
202,Aluminum manufacture (by electrolytic action),by electrolytic action,1866,,https://www.factmonster.com/math-science/inventions-discoveries/inventions-and-discoveries
203,Antiseptic,surgery,1867,,https://www.factmonster.com/math-science/inventions-discoveries/inventions-and-discoveries
204,Dynamite,,1867,,https://www.factmonster.com/math-science/inventions-discoveries/inventions-and-discoveries
205,Typewriter,,1867,,https://www.factmonster.com/math-science/inventions-discoveries/inventions-and-discoveries
206,Air brake,,1868,,https://www.factmonster.com/math-science/inventions-discoveries/inventions-and-discoveries
207,Helium first observed on sun,,1868,,https://www.factmonster.com/math-science/inventions-discoveries/inventions-and-discoveries
208,DNA first isolated,deoxyribonucleic acid,1869,,https://www.factmonster.com/math-science/inventions-discoveries/inventions-and-discoveries
209,Periodic table,arrangement of chemical elements based on periodic law,1869,,https://www.factmonster.com/math-science/inventions-discoveries/inventions-and-discoveries
210,Vacuum cleaner,manually operated,1869,,https://www.factmonster.com/math-science/inventions-discoveries/inventions-and-discoveries
211,Opening of the Suez Canal,,1869,,https://beckchris.com/history/the-55-most-important-events-in-human-history/
212,Chewing gum (chicle-based),chicle-based,1870,,https://www.factmonster.com/math-science/inventions-discoveries/inventions-and-discoveries
213,Telegraph,1791–1872,1872,,https://www.factmonster.com/math-science/inventions-discoveries/inventions-and-discoveries
214,Barbed wire,most popular,1873,,https://www.factmonster.com/math-science/inventions-discoveries/inventions-and-discoveries
215,Electromagnetic theory of light,electromagnetic theory,1873,,https://www.factmonster.com/math-science/inventions-discoveries/inventions-and-discoveries
216,Electric cooking utensil,first,1874,,https://www.factmonster.com/math-science/inventions-discoveries/inventions-and-discoveries
217,Carpet sweeper,,1876,,https://www.factmonster.com/math-science/inventions-discoveries/inventions-and-discoveries
218,4-stroke internal combustion engine,operating four-stroke,1876,,https://www.factmonster.com/math-science/inventions-discoveries/inventions-and-discoveries
219,Telephone,,1876,,https://www.factmonster.com/math-science/inventions-discoveries/inventions-and-discoveries
220,Telephone patented,,1876,,https://beckchris.com/history/the-55-most-important-events-in-human-history/
221,“Canals” of Mars,,1877,,https://www.factmonster.com/math-science/inventions-discoveries/inventions-and-discoveries
222,Concrete,reinforced,1877,,https://www.factmonster.com/math-science/inventions-discoveries/inventions-and-discoveries
223,Phonograph,,1877,,https://www.factmonster.com/math-science/inventions-discoveries/inventions-and-discoveries
224,Refrigerator ship,first,1877,,https://www.factmonster.com/math-science/inventions-discoveries/inventions-and-discoveries
225,Saccharin,,1879,,https://www.factmonster.com/math-science/inventions-discoveries/inventions-and-discoveries
226,Seismograph,first accurate,1880,,https://www.factmonster.com/math-science/inventions-discoveries/inventions-and-discoveries
227,Electric Fan,fan,1882,,https://www.factmonster.com/math-science/inventions-discoveries/inventions-and-discoveries
228,Electric iron,flatiron,1882,,https://www.factmonster.com/math-science/inventions-discoveries/inventions-and-discoveries
229,Tuberculosis bacterium,,1882,,https://www.factmonster.com/math-science/inventions-discoveries/inventions-and-discoveries
230,Cholera bacterium,,1883,,https://www.factmonster.com/math-science/inventions-discoveries/inventions-and-discoveries
231,Man-made Fibers,"nitrocellulose fibers treated to change flammable nitrocellulose to harmless cellulose, precursor of rayon",1883,,https://www.factmonster.com/math-science/inventions-discoveries/inventions-and-discoveries
232,Motorcycle,motor tricycle,1884,,https://www.factmonster.com/math-science/inventions-discoveries/inventions-and-discoveries
233,Pen,fountain,1884,,https://www.factmonster.com/math-science/inventions-discoveries/inventions-and-discoveries
234,Automobile (250 rpm),"first with internal combustion engine, 250 rpm",1885,,https://www.factmonster.com/math-science/inventions-discoveries/inventions-and-discoveries
235,Automobile (900 rpm),"first with practical high-speed internal combustion engine, 900 rpm",1885,,https://www.factmonster.com/math-science/inventions-discoveries/inventions-and-discoveries
236,Rabies immunization,,1885,,https://www.factmonster.com/math-science/inventions-discoveries/inventions-and-discoveries
237,Coca-Cola,,1886,,https://www.factmonster.com/math-science/inventions-discoveries/inventions-and-discoveries
238,Radio,"spark coil, generator of electromagnetic waves",1886,,https://www.factmonster.com/math-science/inventions-discoveries/inventions-and-discoveries
239,Antibiotics (first demonstration of antibiotic effect),first demonstration of antibiotic effect,1887,,https://www.factmonster.com/math-science/inventions-discoveries/inventions-and-discoveries
240,Electrocardiography,,1887,,https://www.factmonster.com/math-science/inventions-discoveries/inventions-and-discoveries
241,Hand-held Camera,hand-held,1888,,https://www.factmonster.com/math-science/inventions-discoveries/inventions-and-discoveries
242,Brazil abolishes slavery,,1888,,https://beckchris.com/history/the-55-most-important-events-in-human-history/
243,"Antitoxin, diphtheri",,1890,,https://www.factmonster.com/math-science/inventions-discoveries/inventions-and-discoveries
244,Automobile (first carburetor),"carburetor, spray",1892,,https://www.factmonster.com/math-science/inventions-discoveries/inventions-and-discoveries
245,Motion pictures,,1893,,https://www.factmonster.com/math-science/inventions-discoveries/inventions-and-discoveries
246,X-rays,X-rays,1895,,https://www.factmonster.com/math-science/inventions-discoveries/inventions-and-discoveries
247,Electric Stove,stove,1896,,https://www.factmonster.com/math-science/inventions-discoveries/inventions-and-discoveries
248,Uranium radioactivity,radioactivity of uranium,1896,,https://www.factmonster.com/math-science/inventions-discoveries/inventions-and-discoveries
249,Adrenaline,,1897,,https://www.factmonster.com/math-science/inventions-discoveries/inventions-and-discoveries
250,Electron,,1897,,https://www.factmonster.com/math-science/inventions-discoveries/inventions-and-discoveries
251,Aspirin,,1899,,https://www.factmonster.com/math-science/inventions-discoveries/inventions-and-discoveries
252,Tape recorder,magnetic steel tape,1899,,https://www.factmonster.com/math-science/inventions-discoveries/inventions-and-discoveries
253,Airship (rigid),rigid,1900,,https://www.factmonster.com/math-science/inventions-discoveries/inventions-and-discoveries
254,Astronomical calculator,,1900,,https://www.factmonster.com/math-science/inventions-discoveries/inventions-and-discoveries
255,Quantum theory,general,1900,,https://www.factmonster.com/math-science/inventions-discoveries/inventions-and-discoveries
256,Tractor,,1900,,https://www.factmonster.com/math-science/inventions-discoveries/inventions-and-discoveries
257,Yellow Fever,transmission of,1900,,https://www.factmonster.com/math-science/inventions-discoveries/inventions-and-discoveries
258,Razor,"safety, successfully marketed",1901,,https://www.factmonster.com/math-science/inventions-discoveries/inventions-and-discoveries
259,Psychoanalysis,,1904,,https://www.factmonster.com/math-science/inventions-discoveries/inventions-and-discoveries
260,Radar,limited to one-mile range,1904,,https://www.factmonster.com/math-science/inventions-discoveries/inventions-and-discoveries
261,Gyrocompass,,1905,,https://www.factmonster.com/math-science/inventions-discoveries/inventions-and-discoveries
262,Intelligence testing,,1905,,https://www.factmonster.com/math-science/inventions-discoveries/inventions-and-discoveries
263,Electric washing machine,washing machine,1906,,https://www.factmonster.com/math-science/inventions-discoveries/inventions-and-discoveries
264,Wassermann test,for syphilis,1906,,https://www.factmonster.com/math-science/inventions-discoveries/inventions-and-discoveries
265,E=mc2,equivalence of mass and energy,1907,,https://www.factmonster.com/math-science/inventions-discoveries/inventions-and-discoveries
266,Sulfa drugs,"parent compound, para-aminobenzenesulfanomide",1908,,https://www.factmonster.com/math-science/inventions-discoveries/inventions-and-discoveries
267,Conditioned reflex,,1910,,https://www.factmonster.com/math-science/inventions-discoveries/inventions-and-discoveries
268,Air conditioning,,1911,,https://www.factmonster.com/math-science/inventions-discoveries/inventions-and-discoveries
269,Rutherford model of an atom,"formulated nuclear model of atom, Rutherford model",1911,,https://www.factmonster.com/math-science/inventions-discoveries/inventions-and-discoveries
270,Aircraft Autopilot,for aircraft,1912,,https://www.factmonster.com/math-science/inventions-discoveries/inventions-and-discoveries
271,Concept of Isotopes,concept of,1912,,https://www.factmonster.com/math-science/inventions-discoveries/inventions-and-discoveries
272,Vitamins,hypothesis of disease deficiency,1912,,https://www.factmonster.com/math-science/inventions-discoveries/inventions-and-discoveries
273,Bohr model of an Atom,"proposed current concept of atomic structure, the Bohr model",1913,,https://www.factmonster.com/math-science/inventions-discoveries/inventions-and-discoveries
274,Moving assembly line,,1913,,https://www.factmonster.com/math-science/inventions-discoveries/inventions-and-discoveries
275,Tank,,1914,,https://www.factmonster.com/math-science/inventions-discoveries/inventions-and-discoveries
276,WW1 begins,,1914,,https://beckchris.com/history/the-55-most-important-events-in-human-history/
277,Plate tectonics,,1915,,https://www.factmonster.com/math-science/inventions-discoveries/inventions-and-discoveries
278,Einstein publishes theory of GR,,1916,,https://humanhistorytimeline.com/
279,WW1 ends,,1918,,https://beckchris.com/history/the-55-most-important-events-in-human-history/
280,20 Million People die from Influenza Epidemic,,1918,,https://beckchris.com/history/the-55-most-important-events-in-human-history/
281,Isotopes proof,existence demonstrated by mass spectrography,1919,,https://www.factmonster.com/math-science/inventions-discoveries/inventions-and-discoveries
282,Proton,,1919,,https://www.factmonster.com/math-science/inventions-discoveries/inventions-and-discoveries
283,Prohobition period begins (alcohol ban USA),,1919,,https://beckchris.com/history/the-55-most-important-events-in-human-history/
284,itler forms Nazi party,,1920,,https://beckchris.com/history/the-55-most-important-events-in-human-history/
285,Insulin (first isolated),first isolated,1921,,https://www.factmonster.com/math-science/inventions-discoveries/inventions-and-discoveries
286,USSR Forms,,1922,,https://beckchris.com/history/the-55-most-important-events-in-human-history/
287,Insulin (Nobel prize),Nobel Prize awarded for purification for use in humans,1923,,https://www.factmonster.com/math-science/inventions-discoveries/inventions-and-discoveries
288,Hitler fails to overthrow government,,1923,,https://beckchris.com/history/the-55-most-important-events-in-human-history/
289,Frozen food,,1924,,https://www.factmonster.com/math-science/inventions-discoveries/inventions-and-discoveries
290,Pauli Exclusion principle,no two electrons in an atom can occupy the same energy level,1925,,https://www.factmonster.com/math-science/inventions-discoveries/inventions-and-discoveries
291,Mein Kampf published,,1925,,https://beckchris.com/history/the-55-most-important-events-in-human-history/
292,Aerosol can,,1926,,https://www.factmonster.com/math-science/inventions-discoveries/inventions-and-discoveries
293,Motion pictures with sound,,1926,,https://www.factmonster.com/math-science/inventions-discoveries/inventions-and-discoveries
294,Rocket,liquid-fueled,1926,,https://www.factmonster.com/math-science/inventions-discoveries/inventions-and-discoveries
295,Big Bang theory proposed,the universe originated with a huge explosion,1927,,https://www.factmonster.com/math-science/inventions-discoveries/inventions-and-discoveries
296,Expanding universe theory proposed,first proposed,1927,,https://www.factmonster.com/math-science/inventions-discoveries/inventions-and-discoveries
297,Uncertainty principle,"that position and velocity of an object cannot both be measured exactly, at the same time",1927,,https://www.factmonster.com/math-science/inventions-discoveries/inventions-and-discoveries
298,Penicillin,"discovery of penicillin, first modern antibiotic",1928,,https://www.factmonster.com/math-science/inventions-discoveries/inventions-and-discoveries
299,Television,"Iconoscope–T.V. camera table) <a href=""/biographies/science-technology/vladimir-kosma-zworykin"">Vladimir Zworykin</a>, U.S., 1923, and also kinescope (cathode ray tube",1928,,https://www.factmonster.com/math-science/inventions-discoveries/inventions-and-discoveries
300,UK women's Suffrage,,1928,,https://beckchris.com/history/the-55-most-important-events-in-human-history/
301,Car radio,,1929,,https://www.factmonster.com/math-science/inventions-discoveries/inventions-and-discoveries
302,Expanding universe theory,discovered first direct evidence that the universe is expanding,1929,,https://www.factmonster.com/math-science/inventions-discoveries/inventions-and-discoveries
303,H0 measured,Hubble constant: a measure of the rate at which the universe is expanding,1929,,https://www.factmonster.com/math-science/inventions-discoveries/inventions-and-discoveries
304,“Scotch” tape,,1929,,https://www.factmonster.com/math-science/inventions-discoveries/inventions-and-discoveries
305,Start of great depression,,1929,,https://beckchris.com/history/the-55-most-important-events-in-human-history/
306,Cyclotron,,1931,,https://www.factmonster.com/math-science/inventions-discoveries/inventions-and-discoveries
307,Deuterium,heavy hydrogen,1931,,https://www.factmonster.com/math-science/inventions-discoveries/inventions-and-discoveries
308,Electric lamp (tungsten),"tungsten filament) <a href=""/search/encyclopedia/Irving+Langmuir"">Irving Langmuir</a>, U.S., 1915.<table border=""0"" class=""graphseg"" width=""179""><tbody><tr><td id=""A0193137""><img alt=""Thomas Alva Edison"" class=""b-lazy lazy_load_image"" data-src=""/images/edison.gif"" height=""242"" id=""A0198043"" src="""" width=""179""/><div class=""caption""><a href=""/search/encyclopedia/Thomas+Alva+Edison"">Thomas Alva Edison</a> (1847–1931",1931,,https://www.factmonster.com/math-science/inventions-discoveries/inventions-and-discoveries
309,"Radio signals, extraterrestrial",,1931,,https://www.factmonster.com/math-science/inventions-discoveries/inventions-and-discoveries
310,Defibrillator,,1932,,https://www.factmonster.com/math-science/inventions-discoveries/inventions-and-discoveries
311,Neutron,,1932,,https://www.factmonster.com/math-science/inventions-discoveries/inventions-and-discoveries
312,Positron,,1932,,https://www.factmonster.com/math-science/inventions-discoveries/inventions-and-discoveries
313,Cosmic radio waves,"cosmic sources, led to radio astronomy",1932,,https://www.factmonster.com/math-science/inventions-discoveries/inventions-and-discoveries
314,Hitler is appointed Chancellor of Germany,,1933,,https://beckchris.com/history/the-55-most-important-events-in-human-history/
315,Neutron-induced radiation,,1934,,https://www.factmonster.com/math-science/inventions-discoveries/inventions-and-discoveries
316,Hitler becomes dictator,,1934,,https://beckchris.com/history/the-55-most-important-events-in-human-history/
317,Nylon,nylon,1935,,https://www.factmonster.com/math-science/inventions-discoveries/inventions-and-discoveries
318,Richter scale,,1935,,https://www.factmonster.com/math-science/inventions-discoveries/inventions-and-discoveries
319,Helicopter,double rotor,1936,,https://www.factmonster.com/math-science/inventions-discoveries/inventions-and-discoveries
320,Jet propulsion engine,engine,1936,,https://www.factmonster.com/math-science/inventions-discoveries/inventions-and-discoveries
321,"Axis alliance forms (Japan, Italy, Germany)",,1936,,https://beckchris.com/history/the-55-most-important-events-in-human-history/
322,Nuclear fission,,1938,,https://www.factmonster.com/math-science/inventions-discoveries/inventions-and-discoveries
323,Xerography,,1938,,https://www.factmonster.com/math-science/inventions-discoveries/inventions-and-discoveries
324,WW2 begins,,1939,,https://beckchris.com/history/the-55-most-important-events-in-human-history/
325,Neptunium,"first transuranic element, synthesis of",1940,,https://www.factmonster.com/math-science/inventions-discoveries/inventions-and-discoveries
326,synthesis of Plutonium,,1941,,https://www.factmonster.com/math-science/inventions-discoveries/inventions-and-discoveries
327,Pearl Harbor bombed,,1941,,https://beckchris.com/history/the-55-most-important-events-in-human-history/
328,Nuclear reactor,,1942,,https://www.factmonster.com/math-science/inventions-discoveries/inventions-and-discoveries
329,"""The Final Solution"" issued (Nazi extermination of Jews)",,1942,,https://beckchris.com/history/the-55-most-important-events-in-human-history/
330,Aqualung (underwater-breathing apparatus),,1943,,https://www.factmonster.com/math-science/inventions-discoveries/inventions-and-discoveries
331,Teflon,,1943,,https://www.factmonster.com/math-science/inventions-discoveries/inventions-and-discoveries
332,"Computers (ENIAC, numeric calculator)","ENIAC, Electronic Numerical Integrator and Calculator, first all-electronic, completed",1945,,https://www.factmonster.com/math-science/inventions-discoveries/inventions-and-discoveries
333,WW2 ends,,1945,,https://beckchris.com/history/the-55-most-important-events-in-human-history/
334,UN Formed,,1945,,https://beckchris.com/history/the-55-most-important-events-in-human-history/
335,Holograph,,1947,,https://www.factmonster.com/math-science/inventions-discoveries/inventions-and-discoveries
336,Microwave oven,,1947,,https://www.factmonster.com/math-science/inventions-discoveries/inventions-and-discoveries
337,Carbon dating,discovered,1947,,https://www.factmonster.com/math-science/inventions-discoveries/inventions-and-discoveries
338,Transistor,,1947,,https://www.factmonster.com/math-science/inventions-discoveries/inventions-and-discoveries
339,India gains independance from UK ,,1947,,https://beckchris.com/history/the-55-most-important-events-in-human-history/
340,Big Bang theory named,modified LeMaitre theory labeled “Big Bang”,1948,,https://www.factmonster.com/math-science/inventions-discoveries/inventions-and-discoveries
341,Polaroid Camera,Polaroid Land,1948,,https://www.factmonster.com/math-science/inventions-discoveries/inventions-and-discoveries
342,Gandhi assassinated,,1948,,https://humanhistorytimeline.com/
343,Mao Zedong comes to power,,1949,,https://humanhistorytimeline.com/
344,"Computers (UNIVAC, store numeric and alphabetic data)","UNIVAC, Universal Automatic Computer, handled both numeric and alphabetic data",1951,,https://www.factmonster.com/math-science/inventions-discoveries/inventions-and-discoveries
345,Oral contraceptive,,1951,,https://www.factmonster.com/math-science/inventions-discoveries/inventions-and-discoveries
346,"Polio, vaccine",experimentally safe dead-virus vaccine,1952,,https://www.factmonster.com/math-science/inventions-discoveries/inventions-and-discoveries
347,Measles vaccine,,1953,,https://www.factmonster.com/math-science/inventions-discoveries/inventions-and-discoveries
348,Discovery of the Double Helical Structure of DNA,,1953,,https://beckchris.com/history/the-55-most-important-events-in-human-history/
349,Fidel Castro begins Cuban Revolution ,,1953,,https://humanhistorytimeline.com/
350,US Court rules segregated education is unconstitutional,,1954,,https://beckchris.com/history/the-55-most-important-events-in-human-history/
351,Fiber optics,,1955,,https://www.factmonster.com/math-science/inventions-discoveries/inventions-and-discoveries
352,Rosa Parks refuses to leave her seat,,1955,,https://beckchris.com/history/the-55-most-important-events-in-human-history/
353,"Heart, temporary artificial",,1957,,https://www.factmonster.com/math-science/inventions-discoveries/inventions-and-discoveries
354,Interferon,,1957,,https://www.factmonster.com/math-science/inventions-discoveries/inventions-and-discoveries
355,Pacemaker,internal,1957,,https://www.factmonster.com/math-science/inventions-discoveries/inventions-and-discoveries
356,Superconductivity,theory,1957,,https://www.factmonster.com/math-science/inventions-discoveries/inventions-and-discoveries
357,First Man-Made Satellite (Sputnik),,1957,,https://beckchris.com/history/the-55-most-important-events-in-human-history/
358,Van Allen (radiation) Belt,around Earth,1958,,https://www.factmonster.com/math-science/inventions-discoveries/inventions-and-discoveries
359,Intergrated circuit (microchip) invented,phase-shift oscillator,1959,,https://www.factmonster.com/math-science/inventions-discoveries/inventions-and-discoveries
360,World population reaches 3 Billion,,1959,,https://humanhistorytimeline.com/
361,Laser,first working model,1960,,https://www.factmonster.com/math-science/inventions-discoveries/inventions-and-discoveries
362,Building of Berlin Wall,,1961,,https://beckchris.com/history/the-55-most-important-events-in-human-history/
363,US troops arrive in Vietnam,,1961,,https://beckchris.com/history/the-55-most-important-events-in-human-history/
364,First human in space,,1961,,https://beckchris.com/history/the-55-most-important-events-in-human-history/
365,Seat belt,three point,1962,,https://www.factmonster.com/math-science/inventions-discoveries/inventions-and-discoveries
366,Quasars,,1963,,https://www.factmonster.com/math-science/inventions-discoveries/inventions-and-discoveries
367,"""I have a dream"" speech",,1963,,https://beckchris.com/history/the-55-most-important-events-in-human-history/
368,JFK assasinated,,1963,,https://beckchris.com/history/the-55-most-important-events-in-human-history/
369,Big Bang theory confirmed (cosmic microwave background),"cosmic microwave background radiation discovered, confirms theory",1965,,https://www.factmonster.com/math-science/inventions-discoveries/inventions-and-discoveries
370,Programma 101 (personal computer),personal computer,1965,,https://beckchris.com/history/the-55-most-important-events-in-human-history/
371,Assassination of Malcolm X,,1965,,https://beckchris.com/history/the-55-most-important-events-in-human-history/
372,Pulsars,,1967,,https://www.factmonster.com/math-science/inventions-discoveries/inventions-and-discoveries
373,Quarks,,1967,,https://www.factmonster.com/math-science/inventions-discoveries/inventions-and-discoveries
374,nuclear weapons in space banned,,1967,,https://humanhistorytimeline.com/
375,"Assassination of Martin Luther King, Jr.",,1968,,https://beckchris.com/history/the-55-most-important-events-in-human-history/
376,First human on moon,,1969,,https://beckchris.com/history/the-55-most-important-events-in-human-history/
377,Computer-scanned binary signal code (bar codes),retail trade use,1970,,https://www.factmonster.com/math-science/inventions-discoveries/inventions-and-discoveries
378,LCD (liquid crystal display),,1970,,https://www.factmonster.com/math-science/inventions-discoveries/inventions-and-discoveries
379,Compact disk,,1972,,https://www.factmonster.com/math-science/inventions-discoveries/inventions-and-discoveries
380,Email,,1972,,https://www.factmonster.com/math-science/inventions-discoveries/inventions-and-discoveries
381,Prozac,antidepressant fluoxetine,1972,,https://www.factmonster.com/math-science/inventions-discoveries/inventions-and-discoveries
382,Video disk,,1972,,https://www.factmonster.com/math-science/inventions-discoveries/inventions-and-discoveries
383,Gene transfer,recombinant DNA organism,1973,,https://www.factmonster.com/math-science/inventions-discoveries/inventions-and-discoveries
384,World population reaches 4 Billion,,1974,,https://humanhistorytimeline.com/
385,Home videotape systems (VCR),Betamax,1975,,https://www.factmonster.com/math-science/inventions-discoveries/inventions-and-discoveries
386,Cosmic string theory,first postulated,1976,,https://www.factmonster.com/math-science/inventions-discoveries/inventions-and-discoveries
387,Thatcher elected (1st female UK PM),,1979,,https://humanhistorytimeline.com/
388,"Heart implanted in human, permanent artificial",,1982,,https://www.factmonster.com/math-science/inventions-discoveries/inventions-and-discoveries
389,Chernobyl disaster,,1986,,https://beckchris.com/history/the-55-most-important-events-in-human-history/
390,Challenger Space shuttle blows up,,1986,,https://humanhistorytimeline.com/
391,World population reaches 5 Billion,,1987,,https://humanhistorytimeline.com/
392,Gene transfer,human,1989,,https://www.factmonster.com/math-science/inventions-discoveries/inventions-and-discoveries
393,CERN file sytem (WWW),developed while working at CERN,1989,,https://www.factmonster.com/math-science/inventions-discoveries/inventions-and-discoveries
394,Demolition of Berlin Wall,,1989,,https://beckchris.com/history/the-55-most-important-events-in-human-history/
395,Mandela released from prison,,1990,,https://beckchris.com/history/the-55-most-important-events-in-human-history/
396,Hubble telescope launched,,1990,,https://humanhistorytimeline.com/
397,Soviet Union is dissolved,,1991,,https://beckchris.com/history/the-55-most-important-events-in-human-history/
398,apartheid laws repealed,,1991,,https://beckchris.com/history/the-55-most-important-events-in-human-history/
399,World Wide Web,development of Mosaic browser makes WWW available for general use,1993,,https://www.factmonster.com/math-science/inventions-discoveries/inventions-and-discoveries
400,Hong Kong returned to China,,1997,,https://humanhistorytimeline.com/
401,World population reaches 6 Billion,,1999,,https://humanhistorytimeline.com/
402,Toilet with flush,,2000,,https://www.factmonster.com/math-science/inventions-discoveries/inventions-and-discoveries
403,Wikipedia launched,,2001,,https://humanhistorytimeline.com/
404,Euro currency introduced,,2002,,https://humanhistorytimeline.com/
405,Facebook created,,2004,,https://humanhistorytimeline.com/
406,First iPhone released,,2007,,https://humanhistorytimeline.com/
407,LHC construction complete,,2008,,https://humanhistorytimeline.com/
408,World population reaches 7 Billion,,2011,,https://humanhistorytimeline.com/
409,Saudi Arabia grants women right to vote and run for office,,2015,,https://beckchris.com/history/the-55-most-important-events-in-human-history/
410,Coronavirus pandemic begins,,2019,,https://humanhistorytimeline.com/